run,token,resident,vram_bytes,tier_full,cuda_rows_delta,fallback_rows_delta,uploads_delta,evictions_delta,errors_delta,forward_s_delta,decode_forward_s_delta,disk_s_delta,promotion_s_delta,upload_s_delta,eviction_s_delta,gate_s_delta,up_s_delta,clamp_s_delta,down_s_delta,cuda_expert_s_delta,fallback_compute_s_delta,attn_s_delta,ffn_s_delta,head_s_delta
1,1,158,2236612608,0,28,92,33,0,0,1.773140,1.773140,0.343032,0.615900,0.615866,0.000000,0.003433,0.003136,0.000288,0.003233,0.010090,0.119150,0.493033,1.215934,0.026846
1,2,187,2647130112,0,7,113,29,0,0,1.673342,1.673341,0.450728,0.536300,0.536264,0.000000,0.000886,0.000782,0.000071,0.000802,0.002541,0.188743,0.328248,1.303546,0.026633
1,3,238,3369074688,0,19,101,51,0,0,2.053482,2.053483,0.327970,0.992982,0.992933,0.000000,0.002315,0.002131,0.000200,0.002179,0.006825,0.116208,0.402551,1.599926,0.026847
1,4,280,3963617280,0,55,65,42,0,0,1.625252,1.625252,0.176720,0.778786,0.778751,0.000000,0.006423,0.006053,0.000584,0.006313,0.019374,0.168109,0.301165,1.265940,0.026756
1,5,302,4275044352,0,78,42,22,0,0,1.210294,1.210294,0.151956,0.407482,0.407442,0.000000,0.008950,0.008624,0.000820,0.008939,0.027333,0.103737,0.334903,0.816607,0.026700
1,6,322,4558159872,0,85,35,20,0,0,1.183686,1.183686,0.136764,0.380057,0.380039,0.000000,0.009698,0.009382,0.000893,0.009710,0.029681,0.091754,0.348121,0.775984,0.026846
1,7,337,4770496512,0,99,21,15,0,0,0.962816,0.962816,0.055636,0.279256,0.279231,0.000000,0.011222,0.010887,0.001031,0.011363,0.034504,0.038140,0.358638,0.544899,0.026716
1,8,344,4869586944,0,104,16,7,0,0,0.723119,0.723119,0.072733,0.128918,0.128910,0.000000,0.011707,0.011450,0.001084,0.011974,0.036215,0.019872,0.300760,0.380707,0.026809
1,9,352,4982833152,0,94,26,8,0,0,0.926828,0.926828,0.140839,0.147197,0.147188,0.000000,0.010710,0.010340,0.000988,0.010713,0.032751,0.084009,0.326022,0.545505,0.026778
1,10,353,4996988928,1,99,21,1,0,0,0.741055,0.741055,0.068072,0.018638,0.018356,0.000000,0.011266,0.010918,0.001038,0.011309,0.034531,0.023395,0.382121,0.294206,0.026768
1,11,353,4996988928,1,95,25,10,10,0,0.789864,0.789863,0.042187,0.189962,0.183493,0.005981,0.010718,0.010423,0.000997,0.010885,0.033023,0.063574,0.296365,0.451977,0.026698
1,12,353,4996988928,1,102,18,8,8,0,0.869211,0.869212,0.062498,0.165658,0.160795,0.004527,0.011562,0.011300,0.001067,0.011694,0.035623,0.049587,0.351223,0.457923,0.026724
1,13,353,4996988928,1,110,10,4,4,0,0.784766,0.784765,0.029133,0.075043,0.073120,0.001703,0.012335,0.012118,0.001151,0.012594,0.038198,0.021576,0.423963,0.308318,0.026683
1,14,353,4996988928,1,107,13,6,6,0,0.651274,0.651275,0.025704,0.111616,0.108849,0.002513,0.011977,0.011796,0.001124,0.012260,0.037157,0.014828,0.297344,0.312316,0.026715
1,15,353,4996988928,1,110,10,3,3,0,0.745472,0.745472,0.043456,0.055871,0.054479,0.001238,0.012412,0.012091,0.001174,0.012558,0.038235,0.028019,0.366488,0.305767,0.026723
1,16,353,4996988928,1,110,10,2,2,0,0.561336,0.561336,0.012232,0.037400,0.036360,0.000858,0.012295,0.012125,0.001167,0.012631,0.038217,0.011182,0.297935,0.221909,0.026704
1,17,353,4996988928,1,112,8,6,6,0,0.768569,0.768569,0.015737,0.112466,0.109086,0.003183,0.016472,0.013193,0.001183,0.013767,0.044616,0.026096,0.330905,0.378157,0.026816
1,18,353,4996988928,1,116,4,2,2,0,0.699686,0.699685,0.009608,0.037274,0.036308,0.000897,0.014011,0.013882,0.001236,0.014452,0.043583,0.004570,0.382422,0.243565,0.026928
1,19,353,4996988928,1,111,9,2,2,0,0.616215,0.616216,0.057653,0.037383,0.036433,0.000888,0.013506,0.013230,0.001177,0.013876,0.041787,0.010258,0.304530,0.270074,0.026749
1,20,353,4996988928,1,109,11,2,2,0,0.718033,0.718032,0.024648,0.037578,0.036447,0.000911,0.013238,0.013087,0.001152,0.013605,0.041083,0.012265,0.377466,0.264974,0.026735
1,21,353,4996988928,1,113,7,5,5,0,0.634799,0.634800,0.000020,0.093465,0.091135,0.002165,0.013727,0.013492,0.001201,0.014205,0.042623,0.020843,0.299867,0.279846,0.026755
1,22,353,4996988928,1,116,4,3,3,0,0.692461,0.692461,0.001495,0.065799,0.064399,0.001307,0.014090,0.013826,0.001225,0.014424,0.043565,0.018326,0.378677,0.257941,0.026855
1,23,353,4996988928,1,113,7,3,3,0,0.606297,0.606297,0.034505,0.055835,0.054459,0.001305,0.013806,0.013428,0.001196,0.014158,0.042589,0.007993,0.300826,0.263898,0.026759
1,24,353,4996988928,1,114,6,1,1,0,0.679584,0.679584,0.024363,0.025976,0.025461,0.000426,0.013866,0.013564,0.001203,0.014221,0.042854,0.044274,0.350910,0.274809,0.026764
1,25,353,4996988928,1,107,13,3,3,0,0.659535,0.659535,0.062626,0.056558,0.054484,0.001914,0.013001,0.012809,0.001129,0.013329,0.040268,0.018634,0.310746,0.301002,0.032954
1,26,353,4996988928,1,110,10,3,3,0,0.748129,0.748128,0.010044,0.056187,0.054599,0.001372,0.013381,0.013131,0.001162,0.016250,0.043924,0.029961,0.402243,0.277951,0.026682
1,27,353,4996988928,1,112,8,6,6,0,0.790640,0.790641,0.000026,0.111779,0.108980,0.002614,0.013675,0.013346,0.001181,0.013936,0.042137,0.009302,0.375056,0.312999,0.026747
1,28,353,4996988928,1,117,3,2,2,0,0.561779,0.561779,0.009807,0.037340,0.036408,0.000886,0.014198,0.014060,0.001232,0.014497,0.043988,0.003471,0.302746,0.217551,0.026662
1,29,353,4996988928,1,101,19,1,1,0,0.765224,0.765224,0.068596,0.018910,0.018211,0.000465,0.012419,0.012057,0.001074,0.012513,0.038062,0.031572,0.383678,0.312410,0.026753
1,30,353,4996988928,1,102,18,5,5,0,0.696652,0.696652,0.049369,0.094656,0.090869,0.003439,0.012416,0.012218,0.001136,0.012750,0.038520,0.020007,0.308341,0.346780,0.026673
1,31,353,4996988928,1,102,18,8,8,0,0.857405,0.857405,0.040806,0.155470,0.150139,0.004943,0.012161,0.011881,0.001064,0.012457,0.037565,0.095125,0.344782,0.453605,0.026695
1,32,353,4996988928,1,108,12,8,8,0,0.829521,0.829520,0.017791,0.149656,0.144958,0.004463,0.012132,0.011866,0.001137,0.012330,0.037463,0.013630,0.390727,0.370592,0.026750
1,33,353,4996988928,1,114,6,2,2,0,0.576504,0.576505,0.023396,0.037233,0.036317,0.000846,0.012810,0.012522,0.001210,0.013144,0.039688,0.006794,0.304822,0.230061,0.026819
1,34,353,4996988928,1,113,7,2,2,0,0.730250,0.730250,0.032102,0.037321,0.036367,0.000870,0.012740,0.012446,0.001180,0.012916,0.039282,0.007884,0.349063,0.276650,0.026802
1,35,353,4996988928,1,118,2,0,0,0,0.516284,0.516284,0.000006,0.000045,0.000000,0.000000,0.014144,0.014098,0.001251,0.014703,0.044194,0.002202,0.305402,0.169240,0.026846
1,36,353,4996988928,1,116,4,0,0,0,0.675366,0.675366,0.016784,0.000046,0.000000,0.000000,0.014093,0.015828,0.001233,0.016364,0.047519,0.004421,0.381179,0.224208,0.026678
1,37,353,4996988928,1,114,6,1,1,0,0.565743,0.565743,0.025937,0.018679,0.018127,0.000447,0.013873,0.013726,0.001228,0.014253,0.043080,0.006735,0.306603,0.217433,0.026714
1,38,353,4996988928,1,110,10,4,4,0,0.770054,0.770054,0.038281,0.075232,0.072666,0.002392,0.013474,0.013141,0.001156,0.013712,0.041484,0.011271,0.365807,0.326288,0.026767
1,39,353,4996988928,1,111,9,3,3,0,0.613816,0.613816,0.033585,0.056159,0.054650,0.001345,0.013517,0.013322,0.001173,0.013791,0.041802,0.010184,0.307375,0.264811,0.026782
1,40,353,4996988928,1,114,6,4,4,0,0.743475,0.743475,0.010743,0.089899,0.088014,0.001754,0.013860,0.013599,0.001219,0.014229,0.042907,0.038151,0.373575,0.309465,0.026700
1,41,353,4996988928,1,118,2,2,2,0,0.580532,0.580532,0.000006,0.037372,0.036430,0.000895,0.014345,0.014098,0.001254,0.014713,0.044411,0.002377,0.318014,0.209743,0.034875
1,42,353,4996988928,1,116,4,2,2,0,0.686818,0.686818,0.000013,0.037213,0.036232,0.000889,0.014041,0.013876,0.001218,0.014440,0.043574,0.004544,0.382519,0.235553,0.026693
1,43,353,4996988928,1,114,6,2,2,0,0.740923,0.740922,0.039854,0.037328,0.036346,0.000921,0.013878,0.013633,0.001213,0.014169,0.042893,0.006802,0.397329,0.286083,0.026670
1,44,353,4996988928,1,113,7,1,1,0,0.604137,0.604137,0.028098,0.018768,0.018225,0.000449,0.013750,0.013478,0.001176,0.013999,0.042402,0.007808,0.325026,0.220243,0.026733
1,45,353,4996988928,1,113,7,4,4,0,0.760312,0.760313,0.017340,0.074727,0.072795,0.001802,0.013707,0.013478,0.001201,0.014068,0.042455,0.008034,0.387096,0.304928,0.026830
1,46,353,4996988928,1,112,8,1,1,0,0.570806,0.570806,0.025928,0.018745,0.018157,0.000444,0.013601,0.013380,0.001193,0.013867,0.042042,0.008908,0.310739,0.218462,0.026729
1,47,353,4996988928,1,113,7,3,3,0,0.739526,0.739526,0.034380,0.059383,0.057936,0.001325,0.013771,0.013481,0.001193,0.014090,0.042535,0.016595,0.404526,0.287211,0.026702
1,48,353,4996988928,1,116,4,0,0,0,0.567385,0.567385,0.000011,0.000092,0.000000,0.000000,0.014040,0.013875,0.001226,0.014415,0.043555,0.004391,0.339124,0.170935,0.042492
1,49,353,4996988928,1,114,6,0,0,0,0.733809,0.733808,0.031711,0.000066,0.000000,0.000000,0.013877,0.013572,0.001215,0.014109,0.042773,0.028439,0.402723,0.253245,0.026729
1,50,353,4996988928,1,114,6,1,1,0,0.562666,0.562667,0.017728,0.018806,0.018237,0.000449,0.013826,0.013605,0.001192,0.014275,0.042898,0.006705,0.312139,0.209006,0.026733
1,51,353,4996988928,1,116,4,1,1,0,0.685116,0.685115,0.012847,0.018801,0.018242,0.000452,0.014117,0.013813,0.001207,0.014449,0.043585,0.021504,0.396197,0.231759,0.026714
1,52,353,4996988928,1,111,9,2,2,0,0.595053,0.595054,0.009668,0.037413,0.036357,0.000873,0.013489,0.013298,0.001172,0.013802,0.041762,0.010113,0.312851,0.222076,0.045246
1,53,353,4996988928,1,112,8,3,3,0,0.713794,0.713793,0.009869,0.055994,0.054502,0.001329,0.013649,0.013354,0.001187,0.013952,0.042142,0.009087,0.383200,0.272047,0.026749
1,54,353,4996988928,1,115,5,2,2,0,0.719240,0.719241,0.010025,0.037324,0.036356,0.000874,0.013698,0.013463,0.001199,0.014248,0.042608,0.005678,0.445255,0.230135,0.026740
1,55,353,4996988928,1,116,4,1,1,0,0.572469,0.572469,0.017107,0.018966,0.018474,0.000445,0.013827,0.013776,0.001225,0.014455,0.043282,0.013425,0.315050,0.215715,0.026869
1,56,353,4996988928,1,117,3,0,0,0,0.687513,0.687512,0.009739,0.000046,0.000000,0.000000,0.013905,0.013755,0.001237,0.014481,0.043379,0.003326,0.393024,0.210992,0.026865
1,57,353,4996988928,1,117,3,2,2,0,0.564633,0.564634,0.000009,0.037111,0.036142,0.000898,0.014137,0.013949,0.001247,0.014566,0.043899,0.003478,0.315562,0.207488,0.026766
1,58,353,4996988928,1,117,3,1,1,0,0.698433,0.698433,0.011964,0.018588,0.018096,0.000446,0.014104,0.013919,0.001218,0.014483,0.043725,0.005421,0.432290,0.218181,0.026735
1,59,353,4996988928,1,118,2,0,0,0,0.527061,0.527061,0.000007,0.000046,0.000000,0.000000,0.014251,0.014068,0.001234,0.014647,0.044200,0.002268,0.316082,0.169408,0.026722
1,60,353,4996988928,1,118,2,1,1,0,0.684764,0.684764,0.000006,0.018615,0.018113,0.000456,0.014257,0.014135,0.001231,0.014666,0.044288,0.002283,0.422705,0.204028,0.026742
1,61,353,4996988928,1,116,4,1,1,0,0.595848,0.595848,0.041069,0.018625,0.018151,0.000449,0.014091,0.013856,0.001219,0.014511,0.043677,0.005163,0.322553,0.231664,0.026778
1,62,353,4996988928,1,114,6,1,1,0,0.715587,0.715586,0.018107,0.018792,0.018253,0.000448,0.013827,0.013613,0.001194,0.014137,0.042771,0.006801,0.399655,0.231844,0.032674
1,63,353,4996988928,1,118,2,0,0,0,0.528911,0.528912,0.000006,0.000045,0.000000,0.000000,0.014307,0.014062,0.001243,0.014675,0.044288,0.002203,0.317782,0.169563,0.026703
1,64,353,4996988928,1,114,6,3,3,0,0.759074,0.759074,0.027437,0.057279,0.055843,0.001336,0.013844,0.014593,0.001200,0.018266,0.047901,0.008295,0.409546,0.295298,0.026796
1,65,353,4996988928,1,117,3,0,0,0,0.581927,0.581927,0.009930,0.000047,0.000000,0.000000,0.014190,0.013910,0.001245,0.014560,0.043905,0.003302,0.320292,0.205634,0.026809
1,66,353,4996988928,1,115,5,1,1,0,0.691302,0.691302,0.011174,0.018795,0.018256,0.000446,0.013992,0.013673,0.001214,0.014243,0.043123,0.010984,0.376076,0.233372,0.026782
1,67,353,4996988928,1,116,4,1,1,0,0.550572,0.550572,0.000010,0.018651,0.018114,0.000445,0.014036,0.013912,0.001227,0.014402,0.043576,0.004455,0.319272,0.189729,0.026721
1,68,353,4996988928,1,117,3,2,2,0,0.701726,0.701726,0.001700,0.037234,0.036264,0.000899,0.014277,0.014007,0.001233,0.014590,0.044108,0.003471,0.392939,0.234160,0.026696
1,69,353,4996988928,1,119,1,1,1,0,0.549592,0.549592,0.000003,0.018606,0.018136,0.000446,0.014455,0.014207,0.001259,0.014761,0.044683,0.001184,0.320317,0.187613,0.026806
1,70,353,4996988928,1,120,0,0,0,0,0.674092,0.674092,0.000000,0.000000,0.000000,0.000000,0.014988,0.025331,0.001265,0.014896,0.056479,0.000000,0.423358,0.200000,0.026689
1,71,353,4996988928,1,120,0,0,0,0,0.530717,0.530717,0.000000,0.000000,0.000000,0.000000,0.014508,0.014288,0.001274,0.015009,0.045079,0.000000,0.321162,0.168047,0.026670
1,72,353,4996988928,1,119,1,0,0,0,0.665737,0.665737,0.001088,0.000024,0.000000,0.000000,0.014461,0.014231,0.001361,0.017929,0.047982,0.001112,0.397058,0.188811,0.026754
1,73,353,4996988928,1,118,2,0,0,0,0.542788,0.542788,0.009738,0.000023,0.000000,0.000000,0.014287,0.014089,0.001255,0.014646,0.044278,0.002203,0.322161,0.179156,0.026674
1,74,353,4996988928,1,116,4,2,2,0,0.716156,0.716156,0.012311,0.041534,0.040579,0.000854,0.014078,0.013836,0.001332,0.014408,0.043654,0.004586,0.402309,0.247456,0.026740
1,75,353,4996988928,1,118,2,0,0,0,0.533531,0.533531,0.000007,0.000047,0.000000,0.000000,0.014214,0.014072,0.001248,0.014622,0.044155,0.002196,0.322812,0.169204,0.026704
1,76,353,4996988928,1,118,2,2,2,0,0.699512,0.699512,0.003587,0.060835,0.059932,0.000853,0.014315,0.014055,0.001255,0.014849,0.044474,0.016154,0.389073,0.251398,0.026730
1,77,353,4996988928,1,120,0,0,0,0,0.533254,0.533254,0.000000,0.000000,0.000000,0.000000,0.014529,0.014316,0.001254,0.014885,0.044983,0.000000,0.323617,0.168124,0.026701
1,78,353,4996988928,1,120,0,0,0,0,0.679815,0.679815,0.000000,0.000000,0.000000,0.000000,0.014556,0.014337,0.001267,0.014885,0.045047,0.000000,0.426735,0.182812,0.026780
1,79,353,4996988928,1,120,0,0,0,0,0.534873,0.534872,0.000000,0.000000,0.000000,0.000000,0.014533,0.014293,0.001270,0.014888,0.044982,0.000000,0.324693,0.168669,0.026667
1,80,353,4996988928,1,120,0,0,0,0,0.668932,0.668933,0.000000,0.000000,0.000000,0.000000,0.014547,0.014334,0.001262,0.015030,0.045175,0.000000,0.428048,0.175097,0.026734
1,81,353,4996988928,1,118,2,0,0,0,0.546414,0.546414,0.009966,0.000023,0.000000,0.000000,0.014345,0.014090,0.001230,0.014671,0.044334,0.002221,0.325115,0.179648,0.026857
1,82,353,4996988928,1,118,2,0,0,0,0.695080,0.695079,0.017923,0.000024,0.000000,0.000000,0.017321,0.014069,0.001250,0.019004,0.051644,0.002223,0.411378,0.212013,0.026762
1,83,353,4996988928,1,117,3,1,1,0,0.576310,0.576311,0.000010,0.018642,0.018130,0.000442,0.014195,0.013924,0.001225,0.014525,0.043871,0.003399,0.326036,0.189484,0.045970
1,84,353,4996988928,1,118,2,1,1,0,0.741306,0.741306,0.000006,0.018674,0.018184,0.000444,0.014308,0.014017,0.001247,0.014726,0.044296,0.002267,0.434577,0.215408,0.026796
1,85,353,4996988928,1,113,7,0,0,0,0.718980,0.718980,0.030914,0.000070,0.000000,0.000000,0.013740,0.013539,0.001187,0.014121,0.042587,0.007749,0.418782,0.238507,0.026772
1,86,353,4996988928,1,113,7,0,0,0,0.553101,0.553101,0.006452,0.000167,0.000000,0.000000,0.013673,0.013446,0.001186,0.014082,0.042388,0.007767,0.331952,0.179672,0.026684
1,87,353,4996988928,1,112,8,3,3,0,0.749098,0.749098,0.010011,0.055869,0.054404,0.001308,0.013560,0.013381,0.001171,0.013898,0.042010,0.009081,0.418123,0.260993,0.026679
1,88,353,4996988928,1,113,7,5,5,0,0.651880,0.651880,0.009499,0.092957,0.090644,0.002173,0.013719,0.013564,0.001190,0.014035,0.042508,0.008141,0.334048,0.276262,0.026679
1,89,353,4996988928,1,116,4,1,1,0,0.712132,0.712131,0.013715,0.018690,0.018165,0.000429,0.014069,0.013843,0.001218,0.014422,0.043551,0.004489,0.420892,0.221283,0.026920
1,90,353,4996988928,1,116,4,1,1,0,0.576575,0.576575,0.016504,0.018664,0.018141,0.000446,0.014031,0.013826,0.001207,0.014393,0.043457,0.004545,0.328880,0.206131,0.026734
1,91,353,4996988928,1,117,3,2,2,0,0.755580,0.755581,0.000058,0.040638,0.038490,0.002077,0.014299,0.016631,0.001224,0.029013,0.061167,0.005529,0.461971,0.234285,0.026802
1,92,353,4996988928,1,119,1,0,0,0,0.540081,0.540081,0.000003,0.000023,0.000000,0.000000,0.014377,0.014159,0.001237,0.014797,0.044571,0.001106,0.329913,0.168645,0.026697
1,93,353,4996988928,1,118,2,1,1,0,0.698428,0.698428,0.000007,0.020543,0.020033,0.000463,0.014296,0.014078,0.001245,0.014670,0.044289,0.003542,0.462288,0.191572,0.026652
1,94,353,4996988928,1,113,7,1,1,0,0.621397,0.621397,0.031137,0.018663,0.018141,0.000445,0.013729,0.013497,0.001185,0.014021,0.042433,0.007868,0.336705,0.234276,0.035056
1,95,353,4996988928,1,114,6,1,1,0,0.719762,0.719762,0.033901,0.018618,0.018086,0.000443,0.013805,0.013655,0.001187,0.014175,0.042821,0.006766,0.418409,0.259808,0.026684
1,96,353,4996988928,1,115,5,0,0,0,0.703887,0.703887,0.000012,0.000103,0.000000,0.000000,0.013900,0.013696,0.001208,0.014277,0.043081,0.005476,0.472018,0.188061,0.026839
1,97,353,4996988928,1,114,6,2,2,0,0.613438,0.613438,0.010124,0.037300,0.036306,0.000878,0.013869,0.013549,0.001194,0.014135,0.042748,0.006767,0.343256,0.228457,0.026824
1,98,353,4996988928,1,116,4,1,1,0,0.712383,0.712383,0.009904,0.018616,0.018104,0.000442,0.014104,0.013865,0.001217,0.014388,0.043574,0.004507,0.423858,0.225826,0.026714
1,99,353,4996988928,1,117,3,2,2,0,0.582155,0.582155,0.000009,0.037424,0.036481,0.000875,0.014218,0.013886,0.001222,0.014558,0.043882,0.003440,0.332965,0.207668,0.026676
1,100,353,4996988928,1,119,1,1,1,0,0.707874,0.707874,0.000004,0.018606,0.018145,0.000439,0.014420,0.014173,0.001242,0.014770,0.044607,0.001185,0.423569,0.207478,0.026752
1,101,353,4996988928,1,120,0,0,0,0,0.543350,0.543350,0.000000,0.000000,0.000000,0.000000,0.014484,0.014299,0.001256,0.014899,0.044938,0.000000,0.333982,0.167827,0.026699
1,102,353,4996988928,1,120,0,0,0,0,0.691212,0.691212,0.000000,0.000000,0.000000,0.000000,0.014604,0.014257,0.001265,0.014878,0.045002,0.000000,0.417206,0.191557,0.026768
1,103,353,4996988928,1,119,1,0,0,0,0.554519,0.554518,0.009364,0.000001,0.000000,0.000000,0.014390,0.014154,0.001243,0.014779,0.044567,0.001127,0.334881,0.177949,0.026777
1,104,353,4996988928,1,117,3,0,0,0,0.683597,0.683598,0.013775,0.000046,0.000000,0.000000,0.014264,0.016058,0.001228,0.017590,0.049140,0.003317,0.400675,0.219175,0.026689
1,105,353,4996988928,1,118,2,0,0,0,0.559340,0.559340,0.009987,0.000023,0.000000,0.000000,0.014253,0.014095,0.001238,0.014682,0.044267,0.002208,0.338047,0.179486,0.026881
1,106,353,4996988928,1,118,2,1,1,0,0.697480,0.697480,0.000007,0.018637,0.018144,0.000447,0.014329,0.014058,0.001234,0.014650,0.044272,0.002267,0.423997,0.201494,0.026770
1,107,353,4996988928,1,120,0,0,0,0,0.546381,0.546381,0.000000,0.000000,0.000000,0.000000,0.014540,0.014333,0.001250,0.014940,0.045063,0.000000,0.336849,0.167982,0.026681
1,108,353,4996988928,1,118,2,0,0,0,0.682377,0.682377,0.001087,0.000047,0.000000,0.000000,0.014316,0.014155,0.001403,0.014663,0.044537,0.002212,0.416210,0.184178,0.026802
1,109,353,4996988928,1,117,3,0,0,0,0.558840,0.558839,0.009380,0.000048,0.000000,0.000000,0.014154,0.013985,0.001226,0.014517,0.043881,0.003303,0.337616,0.179541,0.026734
1,110,353,4996988928,1,118,2,1,1,0,0.713574,0.713575,0.014698,0.018836,0.018356,0.000456,0.014358,0.016140,0.001231,0.014637,0.046368,0.006574,0.416232,0.236174,0.026825
1,111,353,4996988928,1,119,1,0,0,0,0.548643,0.548643,0.000003,0.000023,0.000000,0.000000,0.014343,0.014284,0.001250,0.014768,0.044645,0.001140,0.338362,0.168711,0.026709
1,112,353,4996988928,1,114,6,1,1,0,0.739567,0.739567,0.040013,0.019005,0.018448,0.000451,0.013856,0.013669,0.001192,0.014189,0.042905,0.025037,0.411988,0.254986,0.026676
1,113,353,4996988928,1,116,4,1,1,0,0.748771,0.748771,0.027133,0.018609,0.018118,0.000443,0.014118,0.013851,0.001211,0.014443,0.043622,0.005917,0.470188,0.236875,0.026727
1,114,353,4996988928,1,118,2,0,0,0,0.570058,0.570057,0.000007,0.000046,0.000000,0.000000,0.014281,0.014080,0.001232,0.014653,0.044247,0.002181,0.349846,0.178579,0.026717
1,115,353,4996988928,1,116,4,0,0,0,0.725543,0.725543,0.010088,0.000070,0.000000,0.000000,0.014163,0.013830,0.001226,0.014399,0.043618,0.004595,0.480651,0.196815,0.026899
1,116,353,4996988928,1,115,5,0,0,0,0.578563,0.578564,0.022990,0.000052,0.000000,0.000000,0.015071,0.013689,0.001202,0.014276,0.044238,0.005552,0.340811,0.196102,0.026763
1,117,353,4996988928,1,114,6,1,1,0,0.714781,0.714781,0.000014,0.018738,0.018165,0.000449,0.013702,0.013571,0.001193,0.014169,0.042635,0.006660,0.459136,0.202381,0.026757
1,118,353,4996988928,1,115,5,1,1,0,0.573335,0.573335,0.000012,0.018696,0.018141,0.000452,0.013895,0.013704,0.001205,0.014263,0.043067,0.005573,0.341441,0.190329,0.026688
1,119,353,4996988928,1,116,4,1,1,0,0.712931,0.712931,0.000009,0.018868,0.018326,0.000448,0.014477,0.013812,0.001233,0.014428,0.043950,0.021967,0.431623,0.222692,0.026674
1,120,353,4996988928,1,117,3,1,1,0,0.582164,0.582164,0.009448,0.018646,0.018150,0.000449,0.014148,0.013938,0.001216,0.014530,0.043833,0.003390,0.342223,0.198374,0.026684
1,121,353,4996988928,1,118,2,1,1,0,0.700728,0.700728,0.004806,0.025336,0.018447,0.006840,0.020243,0.014068,0.001237,0.014671,0.050217,0.019166,0.402203,0.236929,0.026799
1,122,353,4996988928,1,118,2,1,1,0,0.573355,0.573355,0.000006,0.018676,0.018181,0.000450,0.014313,0.014105,0.001238,0.014664,0.044321,0.002266,0.343475,0.188324,0.026718
1,123,353,4996988928,1,119,1,1,1,0,0.708941,0.708941,0.000004,0.018608,0.018141,0.000443,0.017650,0.014224,0.001242,0.014864,0.047979,0.001174,0.436402,0.210609,0.026688
1,124,353,4996988928,1,120,0,0,0,0,0.553236,0.553236,0.000000,0.000000,0.000000,0.000000,0.014496,0.014270,0.001254,0.014888,0.044909,0.000000,0.343784,0.167910,0.026683
1,125,353,4996988928,1,120,0,0,0,0,0.695441,0.695441,0.000000,0.000000,0.000000,0.000000,0.017671,0.014280,0.001267,0.019860,0.053078,0.000000,0.424870,0.211077,0.026787
1,126,353,4996988928,1,119,1,0,0,0,0.555245,0.555245,0.000003,0.000023,0.000000,0.000000,0.014408,0.014153,0.001242,0.014825,0.044628,0.001088,0.344923,0.168677,0.026753
1,127,353,4996988928,1,118,2,0,0,0,0.692649,0.692649,0.000006,0.000046,0.000000,0.000000,0.014322,0.017076,0.001246,0.014663,0.047308,0.002193,0.409363,0.206391,0.026690
1,128,353,4996988928,1,118,2,1,1,0,0.610301,0.610301,0.000007,0.018661,0.018169,0.000445,0.014287,0.014018,0.001237,0.014663,0.044205,0.002255,0.353813,0.198530,0.041093
1,129,353,4996988928,1,120,0,0,0,0,0.655199,0.655199,0.000000,0.000000,0.000000,0.000000,0.014580,0.014317,0.001253,0.014891,0.045041,0.000000,0.400368,0.179594,0.026896
1,130,353,4996988928,1,116,4,0,0,0,0.711692,0.711692,0.010195,0.000068,0.000000,0.000000,0.014063,0.013819,0.001237,0.014379,0.043496,0.004419,0.424569,0.200851,0.026685
1,131,353,4996988928,1,116,4,1,1,0,0.578118,0.578118,0.000012,0.018653,0.018113,0.000446,0.014094,0.013795,0.001212,0.014443,0.043545,0.004494,0.346797,0.189601,0.026867
1,132,353,4996988928,1,117,3,1,1,0,0.719347,0.719347,0.000010,0.018731,0.018221,0.000442,0.014129,0.013904,0.001224,0.014585,0.043842,0.003383,0.439812,0.210722,0.026701
1,133,353,4996988928,1,118,2,1,1,0,0.577459,0.577459,0.000006,0.018637,0.018148,0.000441,0.014275,0.014108,0.001230,0.014622,0.044234,0.002285,0.347904,0.188018,0.026697
1,134,353,4996988928,1,117,3,1,1,0,0.730665,0.730665,0.009808,0.018668,0.018146,0.000447,0.014247,0.013930,0.001226,0.014528,0.043931,0.003381,0.426644,0.222185,0.026679
1,135,353,4996988928,1,115,5,0,0,0,0.593195,0.593194,0.031386,0.000082,0.000000,0.000000,0.014007,0.013798,0.001197,0.014267,0.043270,0.005568,0.348361,0.203307,0.026679
1,136,353,4996988928,1,117,3,0,0,0,0.706612,0.706613,0.003441,0.000075,0.000000,0.000000,0.015764,0.013962,0.001471,0.022976,0.054174,0.003454,0.419974,0.209046,0.026790
1,137,353,4996988928,1,117,3,1,1,0,0.580020,0.580020,0.000010,0.018652,0.018138,0.000445,0.014142,0.013966,0.001223,0.014574,0.043903,0.003361,0.349359,0.189049,0.026771
1,138,353,4996988928,1,117,3,2,2,0,0.727291,0.727291,0.000904,0.037534,0.036588,0.000870,0.014248,0.014032,0.001223,0.014557,0.044062,0.026864,0.418570,0.237428,0.026706
1,139,353,4996988928,1,119,1,1,1,0,0.578971,0.578971,0.000003,0.018645,0.018170,0.000448,0.014377,0.014190,0.001246,0.014765,0.044576,0.001179,0.350084,0.187271,0.026732
1,140,353,4996988928,1,120,0,0,0,0,0.694972,0.694971,0.000000,0.000000,0.000000,0.000000,0.014522,0.014336,0.001249,0.017928,0.048036,0.000000,0.422212,0.194156,0.026750
1,141,353,4996988928,1,120,0,0,0,0,0.584116,0.584117,0.000000,0.000000,0.000000,0.000000,0.014572,0.014260,0.001254,0.014948,0.045034,0.000000,0.351986,0.170828,0.037970
1,142,353,4996988928,1,120,0,0,0,0,0.672228,0.672228,0.000000,0.000000,0.000000,0.000000,0.014548,0.014301,0.001274,0.014902,0.045024,0.000000,0.397089,0.214311,0.026802
1,143,353,4996988928,1,120,0,0,0,0,0.621210,0.621210,0.000000,0.000000,0.000000,0.000000,0.014589,0.014287,0.001261,0.014997,0.045134,0.000000,0.377187,0.173335,0.055741
1,144,353,4996988928,1,120,0,0,0,0,0.624991,0.624991,0.000000,0.000000,0.000000,0.000000,0.014488,0.014353,0.001254,0.014897,0.044994,0.000000,0.383531,0.182962,0.026730
1,145,353,4996988928,1,120,0,0,0,0,0.709691,0.709690,0.000000,0.000000,0.000000,0.000000,0.014518,0.014381,0.001247,0.014919,0.045063,0.000000,0.491811,0.176192,0.026832
1,146,353,4996988928,1,117,3,0,0,0,0.591659,0.591660,0.025969,0.000086,0.000000,0.000000,0.014167,0.014009,0.001229,0.014606,0.044012,0.003344,0.353875,0.196256,0.026682
1,147,353,4996988928,1,118,2,0,0,0,0.734752,0.734752,0.000006,0.000047,0.000000,0.000000,0.014240,0.014071,0.001243,0.014703,0.044257,0.002191,0.480600,0.195145,0.026668
1,148,353,4996988928,1,117,3,0,0,0,0.592836,0.592836,0.010041,0.000079,0.000000,0.000000,0.014161,0.013974,0.001220,0.014530,0.043886,0.003298,0.370897,0.180377,0.026705
1,149,353,4996988928,1,117,3,2,2,0,0.756944,0.756944,0.000009,0.037135,0.036177,0.000886,0.014259,0.013939,0.001226,0.017586,0.047009,0.003440,0.452279,0.239050,0.026686
1,150,353,4996988928,1,118,2,1,1,0,0.584943,0.584943,0.000007,0.018559,0.018064,0.000449,0.014239,0.014155,0.001235,0.014639,0.044268,0.002267,0.355300,0.188054,0.026724
1,151,353,4996988928,1,119,1,0,0,0,0.705235,0.705234,0.000003,0.000023,0.000000,0.000000,0.014483,0.014472,0.001244,0.018179,0.048378,0.001097,0.441740,0.201900,0.026777
1,152,353,4996988928,1,119,1,0,0,0,0.566118,0.566119,0.000003,0.000024,0.000000,0.000000,0.014435,0.014198,0.001244,0.014727,0.044604,0.001096,0.355809,0.168669,0.026831
1,153,353,4996988928,1,119,1,1,1,0,0.709785,0.709785,0.003358,0.051767,0.024506,0.027237,0.014546,0.014234,0.001248,0.014822,0.044850,0.006022,0.398721,0.245159,0.026774
1,154,353,4996988928,1,120,0,0,0,0,0.566300,0.566299,0.000000,0.000000,0.000000,0.000000,0.014555,0.014310,0.001255,0.014972,0.045093,0.000000,0.356520,0.168190,0.026683
1,155,353,4996988928,1,117,3,0,0,0,0.725213,0.725214,0.017226,0.000023,0.000000,0.000000,0.014275,0.013959,0.001219,0.014512,0.043965,0.003391,0.447519,0.205832,0.026708
1,156,353,4996988928,1,117,3,0,0,0,0.607413,0.607412,0.000009,0.000069,0.000000,0.000000,0.014153,0.013932,0.001229,0.014469,0.043781,0.003282,0.375079,0.172411,0.041906
1,157,353,4996988928,1,117,3,1,1,0,0.683990,0.683991,0.000008,0.018625,0.018107,0.000448,0.014193,0.013986,0.001227,0.014548,0.043955,0.003349,0.417844,0.198606,0.026715
1,158,353,4996988928,1,117,3,0,0,0,0.720526,0.720525,0.009714,0.000046,0.000000,0.000000,0.014166,0.013918,0.001228,0.014546,0.043858,0.003444,0.470129,0.192303,0.026755
1,159,353,4996988928,1,117,3,0,0,0,0.571228,0.571228,0.000009,0.000070,0.000000,0.000000,0.014160,0.013945,0.001227,0.014514,0.043847,0.003264,0.359382,0.170164,0.026692
1,160,353,4996988928,1,117,3,2,2,0,0.747704,0.747705,0.000009,0.037213,0.036241,0.000902,0.014176,0.013954,0.001279,0.014553,0.043960,0.003451,0.444862,0.241701,0.026687
1,161,353,4996988928,1,119,1,0,0,0,0.574209,0.574209,0.000002,0.000023,0.000000,0.000000,0.014395,0.014172,0.001247,0.014802,0.044617,0.001087,0.363711,0.168738,0.026865
1,162,353,4996988928,1,118,2,0,0,0,0.719380,0.719380,0.011270,0.000023,0.000000,0.000000,0.014303,0.014110,0.001233,0.014618,0.044264,0.002214,0.475292,0.191398,0.026691
1,163,353,4996988928,1,115,5,0,0,0,0.609630,0.609630,0.033823,0.000047,0.000000,0.000000,0.013949,0.013691,0.001201,0.014311,0.043151,0.007560,0.360432,0.207686,0.026695
1,164,353,4996988928,1,111,9,0,0,0,0.752732,0.752732,0.031028,0.000133,0.000000,0.000000,0.013536,0.013245,0.001169,0.013749,0.041700,0.010002,0.432471,0.244375,0.026693
1,165,353,4996988928,1,110,10,0,0,0,0.627337,0.627337,0.019972,0.000165,0.000000,0.000000,0.013287,0.013096,0.001154,0.013666,0.041202,0.011061,0.373435,0.195372,0.043630
1,166,353,4996988928,1,112,8,0,0,0,0.720621,0.720621,0.017690,0.000134,0.000000,0.000000,0.013582,0.013414,0.001167,0.013953,0.042117,0.008801,0.480962,0.198093,0.026736
1,167,353,4996988928,1,110,10,3,3,0,0.787902,0.787902,0.010039,0.056093,0.054560,0.001344,0.013302,0.013121,0.001153,0.013691,0.041268,0.011274,0.466055,0.274921,0.026704
1,168,353,4996988928,1,113,7,2,2,0,0.615509,0.615509,0.000013,0.037286,0.036262,0.000886,0.013709,0.013475,0.001185,0.014041,0.042408,0.007874,0.363258,0.210654,0.026673
1,169,353,4996988928,1,114,6,1,1,0,0.736699,0.736699,0.000009,0.018666,0.018107,0.000444,0.013802,0.013636,0.001188,0.014203,0.042830,0.008848,0.448014,0.213186,0.026680
1,170,353,4996988928,1,115,5,0,0,0,0.576238,0.576238,0.000010,0.000091,0.000000,0.000000,0.013897,0.013690,0.001209,0.014264,0.043061,0.005472,0.363251,0.171409,0.026735
1,171,353,4996988928,1,117,3,2,2,0,0.741104,0.741103,0.000010,0.037434,0.036481,0.000883,0.014276,0.013943,0.001235,0.014559,0.044010,0.004426,0.437957,0.227725,0.026686
1,172,353,4996988928,1,119,1,0,0,0,0.574561,0.574561,0.000003,0.000022,0.000000,0.000000,0.014394,0.014154,0.001242,0.014738,0.044530,0.001092,0.364238,0.168681,0.026780
1,173,353,4996988928,1,119,1,1,1,0,0.725177,0.725178,0.000003,0.018560,0.018090,0.000446,0.014510,0.014163,0.001249,0.017843,0.047765,0.001213,0.434986,0.206429,0.026729
1,174,353,4996988928,1,119,1,1,1,0,0.639904,0.639904,0.000003,0.018591,0.018127,0.000441,0.014354,0.014225,0.001244,0.014814,0.044636,0.001180,0.380387,0.191722,0.045952
1,175,353,4996988928,1,119,1,0,0,0,0.664326,0.664326,0.000003,0.000024,0.000000,0.000000,0.014367,0.014209,0.001243,0.014836,0.044657,0.001092,0.419113,0.181766,0.026701
1,176,353,4996988928,1,118,2,1,1,0,0.741519,0.741519,0.000003,0.018622,0.018129,0.000448,0.014265,0.014099,0.001228,0.014607,0.044198,0.002263,0.501677,0.198135,0.026855
1,177,353,4996988928,1,119,1,0,0,0,0.577054,0.577054,0.000004,0.000024,0.000000,0.000000,0.014405,0.014181,0.001248,0.014737,0.044571,0.001090,0.366519,0.168810,0.026827
1,178,353,4996988928,1,118,2,0,0,0,0.724600,0.724599,0.000006,0.000045,0.000000,0.000000,0.014234,0.014147,0.001230,0.014665,0.044276,0.002191,0.500546,0.179337,0.026717
1,179,353,4996988928,1,117,3,0,0,0,0.589269,0.589270,0.009925,0.000047,0.000000,0.000000,0.014147,0.013969,0.001231,0.014588,0.043934,0.003307,0.367631,0.180055,0.026700
1,180,353,4996988928,1,117,3,0,0,0,0.725628,0.725628,0.000008,0.000072,0.000000,0.000000,0.014140,0.014469,0.001218,0.014812,0.044639,0.003287,0.495078,0.188947,0.026682
1,181,353,4996988928,1,117,3,1,1,0,0.604348,0.604348,0.000009,0.018636,0.018113,0.000451,0.014180,0.013977,0.001216,0.014514,0.043887,0.003362,0.368711,0.193982,0.026824
1,182,353,4996988928,1,118,2,0,0,0,0.719254,0.719254,0.001767,0.000047,0.000000,0.000000,0.014360,0.014089,0.001236,0.014624,0.044311,0.002194,0.472661,0.174078,0.026801
1,183,353,4996988928,1,118,2,1,1,0,0.629025,0.629024,0.012919,0.018729,0.018260,0.000445,0.014311,0.014062,0.001241,0.014640,0.044254,0.018493,0.369546,0.217229,0.026710
1,184,353,4996988928,1,118,2,0,0,0,0.740209,0.740210,0.011545,0.000023,0.000000,0.000000,0.014280,0.014105,0.001238,0.014690,0.044312,0.009128,0.430335,0.221456,0.026691
1,185,353,4996988928,1,118,2,0,0,0,0.727079,0.727079,0.000006,0.000047,0.000000,0.000000,0.014307,0.014051,0.001250,0.014626,0.044234,0.002200,0.465104,0.197953,0.026935
1,186,353,4996988928,1,118,2,1,1,0,0.601156,0.601156,0.000006,0.018600,0.018111,0.000443,0.014315,0.014100,0.001237,0.014675,0.044326,0.002269,0.371292,0.188297,0.026713
1,187,353,4996988928,1,117,3,0,0,0,0.737577,0.737577,0.011080,0.000047,0.000000,0.000000,0.014185,0.014010,0.001229,0.014619,0.044044,0.003315,0.472707,0.206701,0.026696
1,188,353,4996988928,1,115,5,0,0,0,0.596046,0.596046,0.010994,0.000093,0.000000,0.000000,0.013959,0.013764,0.001202,0.014429,0.043354,0.005516,0.371478,0.183036,0.026691
1,189,353,4996988928,1,115,5,1,1,0,0.744494,0.744494,0.000014,0.018789,0.018227,0.000445,0.014066,0.013828,0.001199,0.014346,0.043439,0.005552,0.455759,0.219554,0.026704
1,190,353,4996988928,1,115,5,0,0,0,0.585655,0.585655,0.000015,0.000117,0.000000,0.000000,0.013960,0.013676,0.001207,0.014309,0.043151,0.005495,0.372427,0.171675,0.026704
1,191,353,4996988928,1,117,3,2,2,0,0.743460,0.743460,0.003012,0.040260,0.039332,0.000855,0.014312,0.014006,0.001218,0.014532,0.044069,0.017996,0.441860,0.243021,0.026673
1,192,353,4996988928,1,118,2,1,1,0,0.603015,0.603015,0.000005,0.018610,0.018118,0.000444,0.014235,0.014063,0.001240,0.014674,0.044211,0.002265,0.373398,0.188003,0.026696
1,193,353,4996988928,1,119,1,1,1,0,0.738835,0.738835,0.000003,0.018634,0.018158,0.000453,0.014397,0.014192,0.001239,0.015027,0.044857,0.001167,0.448569,0.202262,0.026849
1,194,353,4996988928,1,120,0,0,0,0,0.724497,0.724497,0.000000,0.000000,0.000000,0.000000,0.014479,0.014300,0.001256,0.014924,0.044959,0.000000,0.491466,0.173527,0.026723
1,195,353,4996988928,1,120,0,0,0,0,0.584276,0.584276,0.000000,0.000000,0.000000,0.000000,0.014481,0.014324,0.001257,0.014917,0.044977,0.000000,0.374400,0.168289,0.026746
1,196,353,4996988928,1,120,0,0,0,0,0.726881,0.726881,0.000000,0.000000,0.000000,0.000000,0.014499,0.014355,0.001258,0.014968,0.045081,0.000000,0.472990,0.197288,0.026703
1,197,353,4996988928,1,119,1,0,0,0,0.585198,0.585198,0.000003,0.000023,0.000000,0.000000,0.014305,0.014244,0.001246,0.014872,0.044667,0.001094,0.374766,0.168770,0.026722
1,198,353,4996988928,1,119,1,0,0,0,0.730062,0.730062,0.000003,0.000024,0.000000,0.000000,0.014381,0.014153,0.001243,0.014771,0.044548,0.001090,0.463397,0.189334,0.026678
1,199,353,4996988928,1,120,0,0,0,0,0.585833,0.585833,0.000000,0.000000,0.000000,0.000000,0.014456,0.014421,0.001256,0.014872,0.045005,0.000000,0.376067,0.168156,0.026776
1,200,353,4996988928,1,120,0,0,0,0,0.720703,0.720703,0.000000,0.000000,0.000000,0.000000,0.014651,0.014371,0.001259,0.015144,0.045425,0.000000,0.465862,0.196450,0.026745
1,201,353,4996988928,1,120,0,0,0,0,0.587140,0.587140,0.000000,0.000000,0.000000,0.000000,0.014564,0.014398,0.001249,0.014983,0.045194,0.000000,0.377204,0.168304,0.026789
1,202,353,4996988928,1,117,3,1,1,0,0.756416,0.756416,0.025762,0.018630,0.018137,0.000447,0.014218,0.013988,0.001218,0.014569,0.043994,0.004466,0.474749,0.227126,0.026794
1,203,353,4996988928,1,117,3,1,1,0,0.798239,0.798238,0.000009,0.018667,0.018151,0.000443,0.014204,0.013931,0.001226,0.014604,0.043964,0.003355,0.542863,0.211395,0.026897
1,204,353,4996988928,1,119,1,0,0,0,0.589341,0.589342,0.000003,0.000023,0.000000,0.000000,0.014423,0.014231,0.001251,0.014795,0.044701,0.001092,0.378894,0.168842,0.026661
1,205,353,4996988928,1,119,1,0,0,0,0.732207,0.732207,0.000003,0.000023,0.000000,0.000000,0.014368,0.014190,0.001247,0.014828,0.044632,0.001092,0.459354,0.189089,0.026707
1,206,353,4996988928,1,119,1,0,0,0,0.589483,0.589483,0.000004,0.000023,0.000000,0.000000,0.014435,0.014190,0.001241,0.014831,0.044696,0.001096,0.379144,0.168665,0.026732
1,207,353,4996988928,1,119,1,0,0,0,0.733695,0.733695,0.000003,0.000023,0.000000,0.000000,0.014416,0.014170,0.001248,0.014715,0.044548,0.001099,0.475437,0.195916,0.026710
1,208,353,4996988928,1,118,2,1,1,0,0.619499,0.619498,0.009415,0.018607,0.018137,0.000447,0.014279,0.014068,0.001239,0.014680,0.044268,0.002307,0.380191,0.197749,0.026702
1,209,353,4996988928,1,119,1,0,0,0,0.726645,0.726646,0.001790,0.000024,0.000000,0.000000,0.014422,0.014263,0.001247,0.014863,0.044795,0.001114,0.478876,0.177316,0.026809
1,210,353,4996988928,1,119,1,0,0,0,0.591156,0.591156,0.000003,0.000024,0.000000,0.000000,0.014374,0.014188,0.001240,0.014772,0.044574,0.001090,0.381024,0.168566,0.026690
1,211,353,4996988928,1,119,1,0,0,0,0.724221,0.724220,0.000003,0.000023,0.000000,0.000000,0.014381,0.014209,0.001245,0.017763,0.047597,0.001095,0.430394,0.194739,0.026705
1,212,353,4996988928,1,118,2,0,0,0,0.693803,0.693803,0.009742,0.000024,0.000000,0.000000,0.014321,0.014101,0.001239,0.014725,0.044387,0.002220,0.432028,0.184369,0.060346
1,213,353,4996988928,1,118,2,0,0,0,0.625055,0.625056,0.000006,0.000046,0.000000,0.000000,0.014335,0.014127,0.001233,0.014646,0.044342,0.002241,0.402815,0.169744,0.026678
1,214,353,4996988928,1,118,2,1,1,0,0.761346,0.761346,0.000007,0.018580,0.018079,0.000455,0.014240,0.014099,0.001238,0.014689,0.044264,0.002294,0.526549,0.191016,0.026692
1,215,353,4996988928,1,118,2,0,0,0,0.604193,0.604193,0.010052,0.000023,0.000000,0.000000,0.014333,0.014072,0.001244,0.014683,0.044334,0.002205,0.382936,0.179652,0.026698
1,216,353,4996988928,1,118,2,0,0,0,0.736682,0.736681,0.001122,0.000047,0.000000,0.000000,0.014317,0.014064,0.001236,0.014652,0.044268,0.002251,0.511644,0.182962,0.026863
1,217,353,4996988928,1,116,4,0,0,0,0.606953,0.606954,0.009906,0.000069,0.000000,0.000000,0.014010,0.013930,0.001217,0.014472,0.043629,0.004408,0.384200,0.180977,0.026859
1,218,353,4996988928,1,117,3,1,1,0,0.751774,0.751774,0.000010,0.025201,0.020479,0.004651,0.024346,0.013947,0.008234,0.014582,0.061110,0.005389,0.453433,0.240001,0.026713
1,219,353,4996988928,1,118,2,1,1,0,0.621135,0.621135,0.000007,0.018684,0.018194,0.000445,0.014286,0.014100,0.001239,0.014695,0.044319,0.002280,0.385288,0.188244,0.032750
1,220,353,4996988928,1,119,1,0,0,0,0.723534,0.723534,0.000003,0.000023,0.000000,0.000000,0.014467,0.014224,0.001247,0.017906,0.047845,0.001092,0.452054,0.194022,0.026689
1,221,353,4996988928,1,119,1,0,0,0,0.733842,0.733842,0.000003,0.000023,0.000000,0.000000,0.014454,0.014232,0.001245,0.014763,0.044693,0.001088,0.467415,0.192614,0.026708
1,222,353,4996988928,1,119,1,0,0,0,0.596293,0.596293,0.000003,0.000023,0.000000,0.000000,0.014368,0.014240,0.001253,0.014837,0.044698,0.001097,0.385793,0.168929,0.026665
1,223,353,4996988928,1,119,1,1,1,0,0.760289,0.760289,0.000004,0.018560,0.018089,0.000449,0.014399,0.014142,0.001248,0.014724,0.044514,0.001173,0.473807,0.215376,0.026725
1,224,353,4996988928,1,119,1,0,0,0,0.606771,0.606771,0.009767,0.000001,0.000000,0.000000,0.014369,0.014326,0.001239,0.014779,0.044712,0.001113,0.386689,0.178552,0.026673
1,225,353,4996988928,1,119,1,0,0,0,0.731867,0.731867,0.001747,0.000023,0.000000,0.000000,0.014479,0.014277,0.001245,0.014879,0.044880,0.001108,0.455265,0.177252,0.026791
1,226,353,4996988928,1,119,1,0,0,0,0.598249,0.598249,0.000004,0.000022,0.000000,0.000000,0.014424,0.014205,0.001249,0.014759,0.044637,0.001086,0.387804,0.168853,0.026719
1,227,353,4996988928,1,117,3,0,0,0,0.757488,0.757487,0.023525,0.000025,0.000000,0.000000,0.014248,0.013966,0.001220,0.017442,0.046876,0.003378,0.457062,0.214876,0.026760
1,228,353,4996988928,1,118,2,0,0,0,0.651278,0.651279,0.000006,0.000046,0.000000,0.000000,0.014253,0.014180,0.001241,0.014655,0.044329,0.002195,0.404171,0.177296,0.050938
1,229,353,4996988928,1,118,2,0,0,0,0.680152,0.680152,0.000006,0.000045,0.000000,0.000000,0.014277,0.014051,0.001234,0.014594,0.044157,0.002190,0.433838,0.183022,0.026664
1,230,353,4996988928,1,118,2,0,0,0,0.741404,0.741404,0.000006,0.000044,0.000000,0.000000,0.014317,0.014069,0.001242,0.014712,0.044339,0.002190,0.488393,0.193265,0.026736
1,231,353,4996988928,1,118,2,0,0,0,0.600915,0.600915,0.000006,0.000046,0.000000,0.000000,0.014352,0.014024,0.001237,0.014661,0.044274,0.002206,0.389630,0.169683,0.026736
1,232,353,4996988928,1,117,3,0,0,0,0.743245,0.743244,0.000007,0.000068,0.000000,0.000000,0.014167,0.013985,0.001221,0.014546,0.043919,0.003290,0.463838,0.202565,0.026691
1,233,353,4996988928,1,118,2,2,2,0,0.639308,0.639309,0.000007,0.037186,0.036249,0.000889,0.014280,0.014041,0.001239,0.014706,0.044265,0.002337,0.390984,0.206727,0.026701
1,234,353,4996988928,1,116,4,0,0,0,0.767478,0.767478,0.023287,0.000076,0.000000,0.000000,0.014101,0.013822,0.001214,0.014417,0.043555,0.004448,0.518872,0.195096,0.026790
1,235,353,4996988928,1,117,3,0,0,0,0.695916,0.695916,0.017908,0.000123,0.000000,0.000000,0.014157,0.013937,0.001228,0.014532,0.043854,0.014751,0.414501,0.204158,0.057910
1,236,353,4996988928,1,117,3,0,0,0,0.678103,0.678103,0.000009,0.000071,0.000000,0.000000,0.014145,0.014015,0.001224,0.014534,0.043919,0.003266,0.431448,0.192189,0.026700
1,237,353,4996988928,1,116,4,0,0,0,0.741469,0.741469,0.000012,0.000092,0.000000,0.000000,0.014053,0.013810,0.001210,0.014408,0.043481,0.004508,0.460294,0.210245,0.026688
1,238,353,4996988928,1,117,3,1,1,0,0.623743,0.623743,0.000010,0.018648,0.018124,0.000450,0.014167,0.013932,0.001224,0.014488,0.043809,0.003352,0.393027,0.189120,0.026687
1,239,353,4996988928,1,118,2,0,0,0,0.750278,0.750277,0.000004,0.000046,0.000000,0.000000,0.017203,0.014174,0.001227,0.014732,0.047337,0.002187,0.530236,0.178400,0.026696
1,240,353,4996988928,1,117,3,2,2,0,0.643098,0.643098,0.000010,0.037206,0.036242,0.000893,0.014212,0.013945,0.001227,0.014583,0.043967,0.003456,0.393949,0.207642,0.026659
1,241,353,4996988928,1,120,0,0,0,0,0.743619,0.743620,0.000000,0.000000,0.000000,0.000000,0.014549,0.014296,0.001251,0.014999,0.045095,0.000000,0.490284,0.183406,0.026779
1,242,353,4996988928,1,120,0,0,0,0,0.633947,0.633947,0.000000,0.000000,0.000000,0.000000,0.014563,0.014357,0.001254,0.014910,0.045084,0.000000,0.411931,0.170266,0.036888
1,243,353,4996988928,1,119,1,1,1,0,0.734109,0.734109,0.000003,0.018607,0.018136,0.000444,0.014374,0.014181,0.001245,0.014771,0.044572,0.001190,0.461037,0.208748,0.026753
1,244,353,4996988928,1,120,0,0,0,0,0.748013,0.748013,0.000000,0.000000,0.000000,0.000000,0.014504,0.014340,0.001263,0.014977,0.045083,0.000000,0.529435,0.176931,0.026673
1,245,353,4996988928,1,120,0,0,0,0,0.605080,0.605080,0.000000,0.000000,0.000000,0.000000,0.014486,0.014278,0.001252,0.014863,0.044879,0.000000,0.395691,0.167806,0.026715
1,246,353,4996988928,1,120,0,0,0,0,0.749508,0.749507,0.000000,0.000000,0.000000,0.000000,0.014545,0.014317,0.001256,0.014963,0.045080,0.000000,0.531756,0.169384,0.026678
1,247,353,4996988928,1,120,0,0,0,0,0.606187,0.606188,0.000000,0.000000,0.000000,0.000000,0.014466,0.014320,0.001259,0.014929,0.044975,0.000000,0.396622,0.167771,0.026904
1,248,353,4996988928,1,120,0,0,0,0,0.738258,0.738258,0.000000,0.000000,0.000000,0.000000,0.014535,0.014297,0.001254,0.017873,0.047959,0.000000,0.472076,0.192376,0.026807
1,249,353,4996988928,1,120,0,0,0,0,0.623883,0.623883,0.000000,0.000000,0.000000,0.000000,0.014478,0.014339,0.001259,0.014902,0.044978,0.000000,0.397415,0.167934,0.043677
1,250,353,4996988928,1,120,0,0,0,0,0.744250,0.744250,0.000000,0.000000,0.000000,0.000000,0.014607,0.014356,0.001258,0.014878,0.045098,0.000000,0.507725,0.182878,0.027344
1,251,353,4996988928,1,120,0,0,0,0,0.753263,0.753263,0.000000,0.000000,0.000000,0.000000,0.014545,0.014323,0.001252,0.014932,0.045053,0.000000,0.490963,0.194771,0.026885
1,252,353,4996988928,1,120,0,0,0,0,0.608909,0.608908,0.000000,0.000000,0.000000,0.000000,0.014570,0.014313,0.001260,0.014931,0.045074,0.000000,0.399383,0.168004,0.026674
1,253,353,4996988928,1,120,0,0,0,0,0.747475,0.747475,0.000000,0.000000,0.000000,0.000000,0.014505,0.014360,0.001254,0.014892,0.045010,0.000000,0.483717,0.188020,0.026778
1,254,353,4996988928,1,120,0,0,0,0,0.609639,0.609640,0.000000,0.000000,0.000000,0.000000,0.014621,0.014310,0.001253,0.014934,0.045119,0.000000,0.399693,0.168340,0.026757
1,255,353,4996988928,1,120,0,0,0,0,0.739845,0.739845,0.000000,0.000000,0.000000,0.000000,0.014630,0.014804,0.001250,0.014897,0.045581,0.000000,0.476248,0.184662,0.026676
1,256,353,4996988928,1,119,1,1,1,0,0.645539,0.645539,0.000003,0.018587,0.018116,0.000448,0.014535,0.014231,0.001235,0.014775,0.044776,0.001179,0.400779,0.187526,0.042358
# Warm candidate: run=1 tokens=193..256; occupancy criterion only.
# Mean deltas per token: cuda_rows_delta=118.687500 fallback_rows_delta=1.312500 uploads_delta=0.234375 evictions_delta=0.234375 forward_s_delta=0.683461 decode_forward_s_delta=0.683461 disk_s_delta=0.002253 promotion_s_delta=0.004485 upload_s_delta=0.004286 eviction_s_delta=0.000171 gate_s_delta=0.014583 up_s_delta=0.014182 clamp_s_delta=0.001352 down_s_delta=0.014955 cuda_expert_s_delta=0.045072 fallback_compute_s_delta=0.001693 attn_s_delta=0.439506 ffn_s_delta=0.186679 head_s_delta=0.028897
# errors_delta=0 throughout this candidate; full does not imply steady. Inspect latency, uploads_delta and evictions_delta for continuing churn.
